run,scenario,base_seed,door_seed,monster_seed,algorithm,success,elapsed,expanded,time_steps,path_length
1,static,644804665,,,BFS,True,0.007814,1361,30,31
1,static,644804665,,,DFS,True,0.002119,689,30,31
1,static,644804665,,,Dijkstra,True,0.011180,1365,30,31
1,static,644804665,,,A*,True,0.002562,327,30,31
1,static,644804665,,,Follower,True,0.000151,30,30,31
1,doors,644804665,644804665,,BFS,True,0.009249,1362,32,33
1,doors,644804665,644804665,,DFS,True,0.002266,691,32,31
1,doors,644804665,644804665,,Dijkstra,True,0.011196,1366,32,33
1,doors,644804665,644804665,,A*,True,0.002623,341,32,33
1,doors,644804665,644804665,,Follower,True,0.000149,32,32,31
1,monsters,644804665,,644804665,BFS,True,0.018667,2434,39,40
1,monsters,644804665,,644804665,DFS,True,0.002322,691,32,31
1,monsters,644804665,,644804665,Dijkstra,True,0.022902,2440,39,40
1,monsters,644804665,,644804665,A*,True,0.043810,1038,39,40
1,monsters,644804665,,644804665,Follower,False,0.000280,31,31,30
2,static,497704033,,,BFS,True,0.031429,4591,74,75
2,static,497704033,,,DFS,True,0.004099,659,84,85
2,static,497704033,,,Dijkstra,True,0.040779,4592,74,75
2,static,497704033,,,A*,True,0.038233,3052,74,75
2,static,497704033,,,Follower,True,0.000227,74,74,75
2,doors,497704033,497704033,,BFS,True,0.030891,4581,74,75
2,doors,497704033,497704033,,DFS,True,0.004043,662,87,85
2,doors,497704033,497704033,,Dijkstra,True,0.040169,4582,74,75
2,doors,497704033,497704033,,A*,True,0.038332,3042,74,75
2,doors,497704033,497704033,,Follower,True,0.000225,74,74,75
2,monsters,497704033,,497704033,BFS,True,0.045989,6481,89,90
2,monsters,497704033,,497704033,DFS,True,0.004196,661,86,85
2,monsters,497704033,,497704033,Dijkstra,True,0.061031,6482,89,90
2,monsters,497704033,,497704033,A*,True,0.071555,4946,89,90
2,monsters,497704033,,497704033,Follower,False,0.000241,75,75,74
3,static,397486396,,,BFS,True,0.008672,1781,46,47
3,static,397486396,,,DFS,True,0.000523,149,50,51
3,static,397486396,,,Dijkstra,True,0.012293,1787,46,47
3,static,397486396,,,A*,True,0.003761,634,46,47
3,static,397486396,,,Follower,True,0.000156,46,46,47
3,doors,397486396,397486396,,BFS,True,0.009733,1821,47,48
3,doors,397486396,397486396,,DFS,True,0.000544,150,51,51
3,doors,397486396,397486396,,Dijkstra,True,0.012849,1825,47,48
3,doors,397486396,397486396,,A*,True,0.004043,667,47,48
3,doors,397486396,397486396,,Follower,True,0.000162,47,47,47
3,monsters,397486396,,397486396,BFS,True,0.011023,2018,49,50
3,monsters,397486396,,397486396,DFS,True,0.000569,151,52,51
3,monsters,397486396,,397486396,Dijkstra,True,0.014429,2023,49,50
3,monsters,397486396,,397486396,A*,True,0.006219,817,49,50
3,monsters,397486396,,397486396,Follower,False,0.000187,47,47,46
4,static,506918071,,,BFS,True,0.005329,1241,34,35
4,static,506918071,,,DFS,True,0.000417,101,58,59
4,static,506918071,,,Dijkstra,True,0.007277,1244,34,35
4,static,506918071,,,A*,True,0.002874,439,34,35
4,static,506918071,,,Follower,True,0.000118,34,34,35
4,doors,506918071,506918071,,BFS,True,0.005756,1231,34,35
4,doors,506918071,506918071,,DFS,True,0.000275,59,58,59
4,doors,506918071,506918071,,Dijkstra,True,0.007440,1234,34,35
4,doors,506918071,506918071,,A*,True,0.003029,439,34,35
4,doors,506918071,506918071,,Follower,True,0.000142,34,34,35
4,monsters,506918071,,506918071,BFS,True,0.006744,1402,37,38
4,monsters,506918071,,506918071,DFS,True,0.000511,103,60,59
4,monsters,506918071,,506918071,Dijkstra,True,0.008600,1403,37,38
4,monsters,506918071,,506918071,A*,True,0.004210,562,37,38
4,monsters,506918071,,506918071,Follower,False,0.000130,35,35,34
5,static,483850967,,,BFS,True,0.013387,2115,38,39
5,static,483850967,,,DFS,True,0.001625,455,48,49
5,static,483850967,,,Dijkstra,True,0.017624,2118,38,39
5,static,483850967,,,A*,True,0.008079,755,38,39
5,static,483850967,,,Follower,True,0.000161,38,38,39
5,doors,483850967,483850967,,BFS,True,0.015576,2246,39,40
5,doors,483850967,483850967,,DFS,True,0.001735,458,51,49
5,doors,483850967,483850967,,Dijkstra,True,0.020665,2247,39,40
5,doors,483850967,483850967,,A*,True,0.009534,852,39,40
5,doors,483850967,483850967,,Follower,True,0.000176,39,39,39
5,monsters,483850967,,483850967,BFS,True,0.018617,2645,43,44
5,monsters,483850967,,483850967,DFS,True,0.001779,457,50,49
5,monsters,483850967,,483850967,Dijkstra,True,0.024537,2648,43,44
5,monsters,483850967,,483850967,A*,True,0.015639,1194,43,44
5,monsters,483850967,,483850967,Follower,False,0.000261,39,39,38
6,static,441987067,,,BFS,True,0.013853,2418,48,49
6,static,441987067,,,DFS,True,0.002893,319,52,53
6,static,441987067,,,Dijkstra,True,0.019195,2423,48,49
6,static,441987067,,,A*,True,0.008088,1005,48,49
6,static,441987067,,,Follower,True,0.000174,48,48,49
6,doors,441987067,441987067,,BFS,True,0.015943,2616,52,53
6,doors,441987067,441987067,,DFS,True,0.001245,321,54,53
6,doors,441987067,441987067,,Dijkstra,True,0.021077,2617,52,53
6,doors,441987067,441987067,,A*,True,0.009726,1190,52,53
6,doors,441987067,441987067,,Follower,True,0.000184,52,52,49
6,monsters,441987067,,441987067,BFS,True,0.018819,2963,53,54
6,monsters,441987067,,441987067,DFS,True,0.001321,321,54,53
6,monsters,441987067,,441987067,Dijkstra,True,0.025087,2970,53,54
6,monsters,441987067,,441987067,A*,True,0.015933,1477,53,54
6,monsters,441987067,,441987067,Follower,False,0.000185,49,49,48
7,static,737745763,,,BFS,True,0.014267,2410,40,41
7,static,737745763,,,DFS,True,0.000275,89,46,47
7,static,737745763,,,Dijkstra,True,0.018940,2411,40,41
7,static,737745763,,,A*,True,0.010116,977,40,41
7,static,737745763,,,Follower,True,0.000164,40,40,41
7,doors,737745763,737745763,,BFS,True,0.015072,2410,40,41
7,doors,737745763,737745763,,DFS,True,0.000281,89,46,47
7,doors,737745763,737745763,,Dijkstra,True,0.019859,2411,40,41
7,doors,737745763,737745763,,A*,True,0.010218,977,40,41
7,doors,737745763,737745763,,Follower,True,0.000171,40,40,41
7,monsters,737745763,,737745763,BFS,True,0.019587,2944,45,46
7,monsters,737745763,,737745763,DFS,True,0.000308,91,48,47
7,monsters,737745763,,737745763,Dijkstra,True,0.025406,2946,45,46
7,monsters,737745763,,737745763,A*,True,0.017650,1454,45,46
7,monsters,737745763,,737745763,Follower,False,0.000175,41,41,40
8,static,394094330,,,BFS,True,0.007457,1483,36,37
8,static,394094330,,,DFS,True,0.000194,57,42,43
8,static,394094330,,,Dijkstra,True,0.009494,1484,36,37
8,static,394094330,,,A*,True,0.003131,438,36,37
8,static,394094330,,,Follower,True,0.000134,36,36,37
8,doors,394094330,394094330,,BFS,True,0.007389,1444,36,37
8,doors,394094330,394094330,,DFS,True,0.000197,57,42,43
8,doors,394094330,394094330,,Dijkstra,True,0.009661,1445,36,37
8,doors,394094330,394094330,,A*,True,0.003022,438,36,37
8,doors,394094330,394094330,,Follower,True,0.000143,36,36,37
8,monsters,394094330,,394094330,BFS,True,0.020124,3231,53,54
8,monsters,394094330,,394094330,DFS,True,0.000217,59,44,43
8,monsters,394094330,,394094330,Dijkstra,True,0.027024,3244,53,54
8,monsters,394094330,,394094330,A*,True,0.020222,1816,53,54
8,monsters,394094330,,394094330,Follower,False,0.000167,37,37,36
9,static,710556752,,,BFS,True,0.003828,1082,38,39
9,static,710556752,,,DFS,True,0.007623,1173,38,39
9,static,710556752,,,Dijkstra,True,0.004979,1085,38,39
9,static,710556752,,,A*,True,0.002566,412,38,39
9,static,710556752,,,Follower,True,0.000104,38,38,39
9,doors,710556752,710556752,,BFS,True,0.004867,1170,40,41
9,doors,710556752,710556752,,DFS,True,0.007374,1175,40,39
9,doors,710556752,710556752,,Dijkstra,True,0.005877,1173,40,41
9,doors,710556752,710556752,,A*,True,0.003648,500,40,41
9,doors,710556752,710556752,,Follower,True,0.000116,40,40,39
9,monsters,710556752,,710556752,BFS,True,0.005266,1306,43,44
9,monsters,710556752,,710556752,DFS,True,0.007844,1175,40,39
9,monsters,710556752,,710556752,Dijkstra,True,0.006776,1309,43,44
9,monsters,710556752,,710556752,A*,True,0.004389,625,43,44
9,monsters,710556752,,710556752,Follower,False,0.000113,39,39,38
10,static,755328212,,,BFS,True,0.038119,1650,42,43
10,static,755328212,,,DFS,True,0.021350,795,52,53
10,static,755328212,,,Dijkstra,True,0.051758,1657,42,43
10,static,755328212,,,A*,True,0.007042,872,42,43
10,static,755328212,,,Follower,True,0.000239,42,42,43
10,doors,755328212,755328212,,BFS,True,0.009060,1780,44,45
10,doors,755328212,755328212,,DFS,True,0.005318,1049,54,53
10,doors,755328212,755328212,,Dijkstra,True,0.011482,1790,44,45
10,doors,755328212,755328212,,A*,True,0.007559,965,44,45
10,doors,755328212,755328212,,Follower,True,0.000149,44,44,43
10,monsters,755328212,,755328212,BFS,True,0.012800,2430,51,52
10,monsters,755328212,,755328212,DFS,True,0.004855,829,58,59
10,monsters,755328212,,755328212,Dijkstra,True,0.017143,2449,51,52
10,monsters,755328212,,755328212,A*,True,0.013068,1459,51,52
10,monsters,755328212,,755328212,Follower,False,0.000148,43,43,42
11,static,160780818,,,BFS,True,0.006628,1418,30,31
11,static,160780818,,,DFS,True,0.000792,207,52,53
11,static,160780818,,,Dijkstra,True,0.008527,1420,30,31
11,static,160780818,,,A*,True,0.003762,424,30,31
11,static,160780818,,,Follower,True,0.000120,30,30,31
11,doors,160780818,160780818,,BFS,True,0.007991,1418,30,31
11,doors,160780818,160780818,,DFS,True,0.000791,207,52,53
11,doors,160780818,160780818,,Dijkstra,True,0.009916,1420,30,31
11,doors,160780818,160780818,,A*,True,0.003673,424,30,31
11,doors,160780818,160780818,,Follower,True,0.000126,30,30,31
11,monsters,160780818,,160780818,BFS,True,0.011121,2046,39,40
11,monsters,160780818,,160780818,DFS,True,0.000899,209,54,53
11,monsters,160780818,,160780818,Dijkstra,True,0.014252,2048,39,40
11,monsters,160780818,,160780818,A*,True,0.010995,1050,39,40
11,monsters,160780818,,160780818,Follower,False,0.000127,31,31,30
12,static,4852997,,,BFS,True,0.007660,1496,32,33
12,static,4852997,,,DFS,True,0.000552,167,40,41
12,static,4852997,,,Dijkstra,True,0.009807,1499,32,33
12,static,4852997,,,A*,True,0.004450,423,32,33
12,static,4852997,,,Follower,True,0.000119,32,32,33
12,doors,4852997,4852997,,BFS,True,0.008085,1485,32,33
12,doors,4852997,4852997,,DFS,True,0.000557,167,40,41
12,doors,4852997,4852997,,Dijkstra,True,0.010389,1486,32,33
12,doors,4852997,4852997,,A*,True,0.004246,423,32,33
12,doors,4852997,4852997,,Follower,True,0.000139,32,32,33
12,monsters,4852997,,4852997,BFS,True,0.024818,2455,43,44
12,monsters,4852997,,4852997,DFS,True,0.000686,169,42,41
12,monsters,4852997,,4852997,Dijkstra,True,0.020126,2470,43,44
12,monsters,4852997,,4852997,A*,True,0.015509,1303,43,44
12,monsters,4852997,,4852997,Follower,False,0.000150,33,33,32
13,static,141307160,,,BFS,True,0.017265,2635,40,41
13,static,141307160,,,DFS,True,0.004972,897,56,57
13,static,141307160,,,Dijkstra,True,0.022700,2636,40,41
13,static,141307160,,,A*,True,0.013565,1209,40,41
13,static,141307160,,,Follower,True,0.000169,40,40,41
13,doors,141307160,141307160,,BFS,True,0.019258,2719,41,42
13,doors,141307160,141307160,,DFS,True,0.005305,898,57,57
13,doors,141307160,141307160,,Dijkstra,True,0.023532,2722,41,42
13,doors,141307160,141307160,,A*,True,0.015033,1298,41,42
13,doors,141307160,141307160,,Follower,True,0.000173,41,41,41
13,monsters,141307160,,141307160,BFS,True,0.025890,3690,49,50
13,monsters,141307160,,141307160,DFS,True,0.000419,115,58,57
13,monsters,141307160,,141307160,Dijkstra,True,0.034795,3693,49,50
13,monsters,141307160,,141307160,A*,True,0.030060,2178,49,50
13,monsters,141307160,,141307160,Follower,False,0.000177,41,41,40
14,static,43859535,,,BFS,True,0.023345,4034,60,61
14,static,43859535,,,DFS,True,0.001509,331,64,65
14,static,43859535,,,Dijkstra,True,0.031222,4040,60,61
14,static,43859535,,,A*,True,0.028291,2615,60,61
14,static,43859535,,,Follower,True,0.000193,60,60,61
14,doors,43859535,43859535,,BFS,True,0.025956,4190,62,63
14,doors,43859535,43859535,,DFS,True,0.001557,333,66,65
14,doors,43859535,43859535,,Dijkstra,True,0.033864,4194,62,63
14,doors,43859535,43859535,,A*,True,0.031127,2777,62,63
14,doors,43859535,43859535,,Follower,True,0.000200,62,62,61
14,monsters,43859535,,43859535,BFS,True,0.026449,4299,63,64
14,monsters,43859535,,43859535,DFS,True,0.001597,332,65,65
14,monsters,43859535,,43859535,Dijkstra,True,0.036861,4312,63,64
14,monsters,43859535,,43859535,A*,True,0.033294,2848,63,64
14,monsters,43859535,,43859535,Follower,False,0.000233,61,61,60
15,static,267127010,,,BFS,True,0.006271,1301,32,33
15,static,267127010,,,DFS,True,0.001797,505,42,43
15,static,267127010,,,Dijkstra,True,0.008559,1310,32,33
15,static,267127010,,,A*,True,0.002303,333,32,33
15,static,267127010,,,Follower,True,0.000130,32,32,33
15,doors,267127010,267127010,,BFS,True,0.007027,1298,32,33
15,doors,267127010,267127010,,DFS,True,0.001811,506,43,43
15,doors,267127010,267127010,,Dijkstra,True,0.008868,1307,32,33
15,doors,267127010,267127010,,A*,True,0.002696,333,32,33
15,doors,267127010,267127010,,Follower,True,0.000148,32,32,33
15,monsters,267127010,,267127010,BFS,True,0.009611,1731,37,38
15,monsters,267127010,,267127010,DFS,True,0.002198,506,43,43
15,monsters,267127010,,267127010,Dijkstra,True,0.012456,1739,37,38
15,monsters,267127010,,267127010,A*,True,0.006069,635,37,38
15,monsters,267127010,,267127010,Follower,False,0.000138,33,33,32
16,static,326253020,,,BFS,True,0.010023,1886,38,39
16,static,326253020,,,DFS,True,0.000241,67,38,39
16,static,326253020,,,Dijkstra,True,0.013533,1887,38,39
16,static,326253020,,,A*,True,0.005534,686,38,39
16,static,326253020,,,Follower,True,0.000178,38,38,39
16,doors,326253020,326253020,,BFS,True,0.009739,1788,38,39
16,doors,326253020,326253020,,DFS,True,0.000248,67,38,39
16,doors,326253020,326253020,,Dijkstra,True,0.012809,1789,38,39
16,doors,326253020,326253020,,A*,True,0.005685,680,38,39
16,doors,326253020,326253020,,Follower,True,0.000167,38,38,39
16,monsters,326253020,,326253020,BFS,True,0.019639,2960,47,48
16,monsters,326253020,,326253020,DFS,True,0.000270,69,40,39
16,monsters,326253020,,326253020,Dijkstra,True,0.026005,2962,47,48
16,monsters,326253020,,326253020,A*,True,0.016375,1461,47,48
16,monsters,326253020,,326253020,Follower,False,0.000170,39,39,38
17,static,487034545,,,BFS,True,0.006353,1385,38,39
17,static,487034545,,,DFS,True,0.000659,119,76,77
17,static,487034545,,,Dijkstra,True,0.008371,1388,38,39
17,static,487034545,,,A*,True,0.004444,615,38,39
17,static,487034545,,,Follower,True,0.000132,38,38,39
17,doors,487034545,487034545,,BFS,True,0.007549,1456,39,40
17,doors,487034545,487034545,,DFS,True,0.000548,120,77,77
17,doors,487034545,487034545,,Dijkstra,True,0.009396,1458,39,40
17,doors,487034545,487034545,,A*,True,0.005388,666,39,40
17,doors,487034545,487034545,,Follower,True,0.000173,39,39,39
17,monsters,487034545,,487034545,BFS,True,0.015836,2698,53,54
17,monsters,487034545,,487034545,DFS,True,0.000541,120,77,77
17,monsters,487034545,,487034545,Dijkstra,True,0.020538,2711,53,54
17,monsters,487034545,,487034545,A*,True,0.015902,1649,53,54
17,monsters,487034545,,487034545,Follower,False,0.000148,39,39,38
18,static,529879251,,,BFS,True,0.009941,1829,34,35
18,static,529879251,,,DFS,True,0.001854,547,56,57
18,static,529879251,,,Dijkstra,True,0.012662,1834,34,35
18,static,529879251,,,A*,True,0.006114,656,34,35
18,static,529879251,,,Follower,True,0.000153,34,34,35
18,doors,529879251,529879251,,BFS,True,0.009920,1769,34,35
18,doors,529879251,529879251,,DFS,True,0.003644,858,59,57
18,doors,529879251,529879251,,Dijkstra,True,0.012869,1773,34,35
18,doors,529879251,529879251,,A*,True,0.005792,619,34,35
18,doors,529879251,529879251,,Follower,True,0.000157,34,34,35
18,monsters,529879251,,529879251,BFS,True,0.012054,2044,37,38
18,monsters,529879251,,529879251,DFS,True,0.001941,549,58,57
18,monsters,529879251,,529879251,Dijkstra,True,0.015647,2045,37,38
18,monsters,529879251,,529879251,A*,True,0.008599,839,37,38
18,monsters,529879251,,529879251,Follower,False,0.000152,35,35,34
19,static,846598267,,,BFS,True,0.009625,1590,28,29
19,static,846598267,,,DFS,True,0.006684,1435,34,35
19,static,846598267,,,Dijkstra,True,0.012612,1597,28,29
19,static,846598267,,,A*,True,0.004131,427,28,29
19,static,846598267,,,Follower,True,0.000163,28,28,29
19,doors,846598267,846598267,,BFS,True,0.010172,1587,28,29
19,doors,846598267,846598267,,DFS,True,0.006673,1437,36,35
19,doors,846598267,846598267,,Dijkstra,True,0.013169,1592,28,29
19,doors,846598267,846598267,,A*,True,0.004332,427,28,29
19,doors,846598267,846598267,,Follower,True,0.000147,28,28,29
19,monsters,846598267,,846598267,BFS,True,0.014234,2116,33,34
19,monsters,846598267,,846598267,DFS,True,0.007138,1436,35,35
19,monsters,846598267,,846598267,Dijkstra,True,0.018689,2123,33,34
19,monsters,846598267,,846598267,A*,True,0.010061,843,33,34
19,monsters,846598267,,846598267,Follower,False,0.000165,29,29,28
20,static,46589463,,,BFS,True,0.017227,3354,56,57
20,static,46589463,,,DFS,True,0.000434,145,60,61
20,static,46589463,,,Dijkstra,True,0.023250,3355,56,57
20,static,46589463,,,A*,True,0.022347,2219,56,57
20,static,46589463,,,Follower,True,0.000184,56,56,57
20,doors,46589463,46589463,,BFS,True,0.021296,3789,61,62
20,doors,46589463,46589463,,DFS,True,0.000458,148,63,61
20,doors,46589463,46589463,,Dijkstra,True,0.028129,3789,61,62
20,doors,46589463,46589463,,A*,True,0.028633,2653,61,62
20,doors,46589463,46589463,,Follower,True,0.000174,61,61,57
20,monsters,46589463,,46589463,BFS,True,0.022123,3954,63,64
20,monsters,46589463,,46589463,DFS,True,0.000482,147,62,61
20,monsters,46589463,,46589463,Dijkstra,True,0.029737,3961,63,64
20,monsters,46589463,,46589463,A*,True,0.031036,2796,63,64
20,monsters,46589463,,46589463,Follower,False,0.000177,57,57,56
21,static,947631064,,,BFS,True,0.011025,1767,30,31
21,static,947631064,,,DFS,True,0.000832,189,48,49
21,static,947631064,,,Dijkstra,True,0.014840,1773,30,31
21,static,947631064,,,A*,True,0.004358,426,30,31
21,static,947631064,,,Follower,True,0.000167,30,30,31
21,doors,947631064,947631064,,BFS,True,0.011516,1766,30,31
21,doors,947631064,947631064,,DFS,True,0.000741,189,48,49
21,doors,947631064,947631064,,Dijkstra,True,0.015107,1772,30,31
21,doors,947631064,947631064,,A*,True,0.004222,425,30,31
21,doors,947631064,947631064,,Follower,True,0.000155,30,30,31
21,monsters,947631064,,947631064,BFS,True,0.020166,2822,39,40
21,monsters,947631064,,947631064,DFS,True,0.000780,190,49,49
21,monsters,947631064,,947631064,Dijkstra,True,0.026599,2829,39,40
21,monsters,947631064,,947631064,A*,True,0.017878,1309,39,40
21,monsters,947631064,,947631064,Follower,False,0.000160,31,31,30
22,static,973066949,,,BFS,True,0.009314,1708,32,33
22,static,973066949,,,DFS,True,0.000781,237,54,55
22,static,973066949,,,Dijkstra,True,0.012529,1709,32,33
22,static,973066949,,,A*,True,0.003866,485,32,33
22,static,973066949,,,Follower,True,0.000135,32,32,33
22,doors,973066949,973066949,,BFS,True,0.010158,1708,32,33
22,doors,973066949,973066949,,DFS,True,0.001129,323,56,55
22,doors,973066949,973066949,,Dijkstra,True,0.013097,1709,32,33
22,doors,973066949,973066949,,A*,True,0.004149,485,32,33
22,doors,973066949,973066949,,Follower,True,0.000149,32,32,33
22,monsters,973066949,,973066949,BFS,True,0.014887,2382,39,40
22,monsters,973066949,,973066949,DFS,True,0.000847,238,55,55
22,monsters,973066949,,973066949,Dijkstra,True,0.019428,2384,39,40
22,monsters,973066949,,973066949,A*,True,0.011867,1053,39,40
22,monsters,973066949,,973066949,Follower,False,0.000143,33,33,32
23,static,243403273,,,BFS,True,0.011447,2032,36,37
23,static,243403273,,,DFS,True,0.004603,807,50,51
23,static,243403273,,,Dijkstra,True,0.014794,2033,36,37
23,static,243403273,,,A*,True,0.007739,799,36,37
23,static,243403273,,,Follower,True,0.000138,36,36,37
23,doors,243403273,243403273,,BFS,True,0.011568,1982,36,37
23,doors,243403273,243403273,,DFS,True,0.004575,809,52,51
23,doors,243403273,243403273,,Dijkstra,True,0.015206,1983,36,37
23,doors,243403273,243403273,,A*,True,0.007465,754,36,37
23,doors,243403273,243403273,,Follower,True,0.000151,36,36,37
23,monsters,243403273,,243403273,BFS,True,0.017601,2850,45,46
23,monsters,243403273,,243403273,DFS,True,0.004746,809,52,51
23,monsters,243403273,,243403273,Dijkstra,True,0.022608,2853,45,46
23,monsters,243403273,,243403273,A*,True,0.019388,1613,45,46
23,monsters,243403273,,243403273,Follower,False,0.000150,37,37,36
24,static,273106034,,,BFS,True,0.007550,1443,36,37
24,static,273106034,,,DFS,True,0.000808,241,58,59
24,static,273106034,,,Dijkstra,True,0.010015,1446,36,37
24,static,273106034,,,A*,True,0.002198,352,36,37
24,static,273106034,,,Follower,True,0.000139,36,36,37
24,doors,273106034,273106034,,BFS,True,0.008051,1463,37,38
24,doors,273106034,273106034,,DFS,True,0.000381,89,60,61
24,doors,273106034,273106034,,Dijkstra,True,0.010463,1463,37,38
24,doors,273106034,273106034,,A*,True,0.002651,394,37,38
24,doors,273106034,273106034,,Follower,True,0.000146,37,37,37
24,monsters,273106034,,273106034,BFS,True,0.011547,1874,41,42
24,monsters,273106034,,273106034,DFS,True,0.000908,242,59,59
24,monsters,273106034,,273106034,Dijkstra,True,0.015875,1887,41,42
24,monsters,273106034,,273106034,A*,True,0.006772,681,41,42
24,monsters,273106034,,273106034,Follower,False,0.000150,37,37,36
25,static,261413843,,,BFS,True,0.010253,1999,52,53
25,static,261413843,,,DFS,True,0.001202,257,74,75
25,static,261413843,,,Dijkstra,True,0.013915,2007,52,53
25,static,261413843,,,A*,True,0.005533,871,52,53
25,static,261413843,,,Follower,True,0.000183,52,52,53
25,doors,261413843,261413843,,BFS,True,0.012430,1970,52,53
25,doors,261413843,261413843,,DFS,True,0.001198,257,74,75
25,doors,261413843,261413843,,Dijkstra,True,0.013440,1978,52,53
25,doors,261413843,261413843,,A*,True,0.005717,871,52,53
25,doors,261413843,261413843,,Follower,True,0.000193,52,52,53
25,monsters,261413843,,261413843,BFS,True,0.013823,2493,57,58
25,monsters,261413843,,261413843,DFS,True,0.001168,258,75,75
25,monsters,261413843,,261413843,Dijkstra,True,0.018660,2499,57,58
25,monsters,261413843,,261413843,A*,True,0.010548,1222,57,58
25,monsters,261413843,,261413843,Follower,False,0.000174,53,53,52
26,static,221984214,,,BFS,True,0.024563,3369,48,49
26,static,221984214,,,DFS,True,0.000643,177,50,51
26,static,221984214,,,Dijkstra,True,0.031127,3372,48,49
26,static,221984214,,,A*,True,0.023365,1857,48,49
26,static,221984214,,,Follower,True,0.000196,48,48,49
26,doors,221984214,221984214,,BFS,True,0.024287,3365,48,49
26,doors,221984214,221984214,,DFS,True,0.000630,177,50,51
26,doors,221984214,221984214,,Dijkstra,True,0.031274,3368,48,49
26,doors,221984214,221984214,,A*,True,0.024182,1856,48,49
26,doors,221984214,221984214,,Follower,True,0.000193,48,48,49
26,monsters,221984214,,221984214,BFS,True,0.023443,3370,49,50
26,monsters,221984214,,221984214,DFS,True,0.000660,179,52,51
26,monsters,221984214,,221984214,Dijkstra,True,0.032715,3371,49,50
26,monsters,221984214,,221984214,A*,True,0.025742,1858,49,50
26,monsters,221984214,,221984214,Follower,False,0.000378,49,49,48
27,static,473940513,,,BFS,True,0.013062,1928,34,35
27,static,473940513,,,DFS,True,0.002228,397,88,89
27,static,473940513,,,Dijkstra,True,0.017152,1931,34,35
27,static,473940513,,,A*,True,0.005191,577,34,35
27,static,473940513,,,Follower,True,0.000172,34,34,35
27,doors,473940513,473940513,,BFS,True,0.014237,1927,34,35
27,doors,473940513,473940513,,DFS,True,0.002183,397,88,89
27,doors,473940513,473940513,,Dijkstra,True,0.017588,1928,34,35
27,doors,473940513,473940513,,A*,True,0.005726,577,34,35
27,doors,473940513,473940513,,Follower,True,0.000191,34,34,35
27,monsters,473940513,,473940513,BFS,True,0.020287,2751,41,42
27,monsters,473940513,,473940513,DFS,True,0.002338,398,89,89
27,monsters,473940513,,473940513,Dijkstra,True,0.028256,2752,41,42
27,monsters,473940513,,473940513,A*,True,0.015337,1241,41,42
27,monsters,473940513,,473940513,Follower,False,0.000172,35,35,34
28,static,464981401,,,BFS,True,0.009508,1691,32,33
28,static,464981401,,,DFS,True,0.000915,269,44,45
28,static,464981401,,,Dijkstra,True,0.012604,1694,32,33
28,static,464981401,,,A*,True,0.004439,484,32,33
28,static,464981401,,,Follower,True,0.000195,32,32,33
28,doors,464981401,464981401,,BFS,True,0.009709,1683,32,33
28,doors,464981401,464981401,,DFS,True,0.000936,269,44,45
28,doors,464981401,464981401,,Dijkstra,True,0.012766,1686,32,33
28,doors,464981401,464981401,,A*,True,0.004558,484,32,33
28,doors,464981401,464981401,,Follower,True,0.000142,32,32,33
28,monsters,464981401,,464981401,BFS,True,0.009867,1693,33,34
28,monsters,464981401,,464981401,DFS,True,0.000970,271,46,45
28,monsters,464981401,,464981401,Dijkstra,True,0.012754,1694,33,34
28,monsters,464981401,,464981401,A*,True,0.004511,485,33,34
28,monsters,464981401,,464981401,Follower,False,0.000145,33,33,32
29,static,15014674,,,BFS,True,0.009168,1598,28,29
29,static,15014674,,,DFS,True,0.007441,1293,32,33
29,static,15014674,,,Dijkstra,True,0.012046,1600,28,29
29,static,15014674,,,A*,True,0.003083,334,28,29
29,static,15014674,,,Follower,True,0.000140,28,28,29
29,doors,15014674,15014674,,BFS,True,0.009795,1588,28,29
29,doors,15014674,15014674,,DFS,True,0.007483,1293,32,33
29,doors,15014674,15014674,,Dijkstra,True,0.012507,1590,28,29
29,doors,15014674,15014674,,A*,True,0.003063,324,28,29
29,doors,15014674,15014674,,Follower,True,0.000150,28,28,29
29,monsters,15014674,,15014674,BFS,True,0.017930,2621,37,38
29,monsters,15014674,,15014674,DFS,True,0.008156,1295,34,33
29,monsters,15014674,,15014674,Dijkstra,True,0.023927,2636,37,38
29,monsters,15014674,,15014674,A*,True,0.015719,1164,37,38
29,monsters,15014674,,15014674,Follower,False,0.000155,29,29,28
30,static,485864532,,,BFS,True,0.008794,1994,48,49
30,static,485864532,,,DFS,True,0.001004,277,52,53
30,static,485864532,,,Dijkstra,True,0.011491,1995,48,49
30,static,485864532,,,A*,True,0.007986,1095,48,49
30,static,485864532,,,Follower,True,0.000148,48,48,49
30,doors,485864532,485864532,,BFS,True,0.009716,2060,50,51
30,doors,485864532,485864532,,DFS,True,0.001051,279,54,53
30,doors,485864532,485864532,,Dijkstra,True,0.012695,2061,50,51
30,doors,485864532,485864532,,A*,True,0.008754,1161,50,51
30,doors,485864532,485864532,,Follower,True,0.000162,50,50,49
30,monsters,485864532,,485864532,BFS,True,0.013230,2568,55,56
30,monsters,485864532,,485864532,DFS,True,0.001101,279,54,53
30,monsters,485864532,,485864532,Dijkstra,True,0.017269,2584,55,56
30,monsters,485864532,,485864532,A*,True,0.013926,1567,55,56
30,monsters,485864532,,485864532,Follower,False,0.000160,49,49,48
31,static,5782991,,,BFS,True,0.012862,2200,36,37
31,static,5782991,,,DFS,True,0.001771,527,36,37
31,static,5782991,,,Dijkstra,True,0.017492,2201,36,37
31,static,5782991,,,A*,True,0.009026,823,36,37
31,static,5782991,,,Follower,True,0.000149,36,36,37
31,doors,5782991,5782991,,BFS,True,0.013913,2186,36,37
31,doors,5782991,5782991,,DFS,True,0.001778,527,36,37
31,doors,5782991,5782991,,Dijkstra,True,0.018285,2187,36,37
31,doors,5782991,5782991,,A*,True,0.009163,809,36,37
31,doors,5782991,5782991,,Follower,True,0.000156,36,36,37
31,monsters,5782991,,5782991,BFS,True,0.035283,5210,65,66
31,monsters,5782991,,5782991,DFS,True,0.001916,529,38,37
31,monsters,5782991,,5782991,Dijkstra,True,0.046217,5211,65,66
31,monsters,5782991,,5782991,A*,True,0.053566,3839,65,66
31,monsters,5782991,,5782991,Follower,False,0.000157,37,37,36
32,static,458932353,,,BFS,True,0.004781,1038,30,31
32,static,458932353,,,DFS,True,0.000143,37,36,37
32,static,458932353,,,Dijkstra,True,0.006556,1043,30,31
32,static,458932353,,,A*,True,0.000851,160,30,31
32,static,458932353,,,Follower,True,0.000118,30,30,31
32,doors,458932353,458932353,,BFS,True,0.005719,1168,33,34
32,doors,458932353,458932353,,DFS,True,0.000146,37,36,37
32,doors,458932353,458932353,,Dijkstra,True,0.007711,1177,33,34
32,doors,458932353,458932353,,A*,True,0.001530,247,33,34
32,doors,458932353,458932353,,Follower,True,0.000128,33,33,31
32,monsters,458932353,,458932353,BFS,True,0.007659,1421,35,36
32,monsters,458932353,,458932353,DFS,True,0.000143,39,38,37
32,monsters,458932353,,458932353,Dijkstra,True,0.010142,1423,35,36
32,monsters,458932353,,458932353,A*,True,0.003315,413,35,36
32,monsters,458932353,,458932353,Follower,False,0.000129,31,31,30
33,static,16420522,,,BFS,True,0.005404,1281,36,37
33,static,16420522,,,DFS,True,0.006426,1151,44,45
33,static,16420522,,,Dijkstra,True,0.007292,1284,36,37
33,static,16420522,,,A*,True,0.003436,460,36,37
33,static,16420522,,,Follower,True,0.000152,36,36,37
33,doors,16420522,16420522,,BFS,True,0.006288,1381,40,41
33,doors,16420522,16420522,,DFS,True,0.006083,1155,48,45
33,doors,16420522,16420522,,Dijkstra,True,0.008379,1384,40,41
33,doors,16420522,16420522,,A*,True,0.004235,553,40,41
33,doors,16420522,16420522,,Follower,True,0.000128,40,40,37
33,monsters,16420522,,16420522,BFS,True,0.007601,1577,41,42
33,monsters,16420522,,16420522,DFS,True,0.006404,1153,46,45
33,monsters,16420522,,16420522,Dijkstra,True,0.009784,1584,41,42
33,monsters,16420522,,16420522,A*,True,0.006336,742,41,42
33,monsters,16420522,,16420522,Follower,False,0.000114,37,37,36
34,static,876767724,,,BFS,True,0.004136,1069,34,35
34,static,876767724,,,DFS,True,0.000326,95,38,39
34,static,876767724,,,Dijkstra,True,0.005716,1071,34,35
34,static,876767724,,,A*,True,0.003047,469,34,35
34,static,876767724,,,Follower,True,0.000115,34,34,35
34,doors,876767724,876767724,,BFS,True,0.004624,1069,34,35
34,doors,876767724,876767724,,DFS,True,0.000351,97,40,39
34,doors,876767724,876767724,,Dijkstra,True,0.006061,1071,34,35
34,doors,876767724,876767724,,A*,True,0.003324,469,34,35
34,doors,876767724,876767724,,Follower,True,0.000124,34,34,35
34,monsters,876767724,,876767724,BFS,True,0.026816,2369,49,50
34,monsters,876767724,,876767724,DFS,True,0.001952,97,40,39
34,monsters,876767724,,876767724,Dijkstra,True,0.101383,2409,49,50
34,monsters,876767724,,876767724,A*,True,0.043900,1354,49,50
34,monsters,876767724,,876767724,Follower,False,0.000156,35,35,34
35,static,749904424,,,BFS,True,0.016579,1172,26,27
35,static,749904424,,,DFS,True,0.000747,195,40,41
35,static,749904424,,,Dijkstra,True,0.015616,1177,26,27
35,static,749904424,,,A*,True,0.001994,142,26,27
35,static,749904424,,,Follower,True,0.000135,26,26,27
35,doors,749904424,749904424,,BFS,True,0.015453,1216,27,28
35,doors,749904424,749904424,,DFS,True,0.000622,197,42,41
35,doors,749904424,749904424,,Dijkstra,True,0.016354,1216,27,28
35,doors,749904424,749904424,,A*,True,0.001650,182,27,28
35,doors,749904424,749904424,,Follower,True,0.000354,27,27,27
35,monsters,749904424,,749904424,BFS,True,0.009064,1389,29,30
35,monsters,749904424,,749904424,DFS,True,0.000601,196,41,41
35,monsters,749904424,,749904424,Dijkstra,True,0.019626,1394,29,30
35,monsters,749904424,,749904424,A*,True,0.003312,266,29,30
35,monsters,749904424,,749904424,Follower,False,0.000408,27,27,26
36,static,514076078,,,BFS,True,0.007111,1388,40,41
36,static,514076078,,,DFS,True,0.002421,483,90,91
36,static,514076078,,,Dijkstra,True,0.009972,1395,40,41
36,static,514076078,,,A*,True,0.002687,432,40,41
36,static,514076078,,,Follower,True,0.000140,40,40,41
36,doors,514076078,514076078,,BFS,True,0.007765,1429,41,42
36,doors,514076078,514076078,,DFS,True,0.002252,486,93,91
36,doors,514076078,514076078,,Dijkstra,True,0.009699,1433,41,42
36,doors,514076078,514076078,,A*,True,0.003072,465,41,42
36,doors,514076078,514076078,,Follower,True,0.000346,41,41,41
36,monsters,514076078,,514076078,BFS,True,0.019379,2601,51,52
36,monsters,514076078,,514076078,DFS,True,0.002412,484,91,91
36,monsters,514076078,,514076078,Dijkstra,True,0.035477,2621,51,52
36,monsters,514076078,,514076078,A*,True,0.017575,1239,51,52
36,monsters,514076078,,514076078,Follower,False,0.000321,41,41,40
37,static,661435212,,,BFS,True,0.020250,2819,44,45
37,static,661435212,,,DFS,True,0.006021,1193,44,45
37,static,661435212,,,Dijkstra,True,0.029169,2820,44,45
37,static,661435212,,,A*,True,0.016809,1362,44,45
37,static,661435212,,,Follower,True,0.000172,44,44,45
37,doors,661435212,661435212,,BFS,True,0.026590,2815,44,45
37,doors,661435212,661435212,,DFS,True,0.006127,1193,44,45
37,doors,661435212,661435212,,Dijkstra,True,0.029846,2816,44,45
37,doors,661435212,661435212,,A*,True,0.020682,1359,44,45
37,doors,661435212,661435212,,Follower,True,0.000254,44,44,45
37,monsters,661435212,,661435212,BFS,True,0.039642,4695,59,60
37,monsters,661435212,,661435212,DFS,True,0.005663,1195,46,45
37,monsters,661435212,,661435212,Dijkstra,True,0.048710,4696,59,60
37,monsters,661435212,,661435212,A*,True,0.048015,3160,59,60
37,monsters,661435212,,661435212,Follower,False,0.000205,45,45,44
38,static,400162640,,,BFS,True,0.009389,2211,60,61
38,static,400162640,,,DFS,True,0.000964,215,60,61
38,static,400162640,,,Dijkstra,True,0.012538,2212,60,61
38,static,400162640,,,A*,True,0.007815,1176,60,61
38,static,400162640,,,Follower,True,0.000159,60,60,61
38,doors,400162640,400162640,,BFS,True,0.012352,2429,64,65
38,doors,400162640,400162640,,DFS,True,0.000907,219,64,61
38,doors,400162640,400162640,,Dijkstra,True,0.015737,2430,64,65
38,doors,400162640,400162640,,A*,True,0.010654,1391,64,65
38,doors,400162640,400162640,,Follower,True,0.000196,64,64,61
38,monsters,400162640,,400162640,BFS,True,0.014519,2744,67,68
38,monsters,400162640,,400162640,DFS,True,0.000946,217,62,61
38,monsters,400162640,,400162640,Dijkstra,True,0.018697,2762,67,68
38,monsters,400162640,,400162640,A*,True,0.013523,1625,67,68
38,monsters,400162640,,400162640,Follower,False,0.000178,61,61,60
39,static,916993243,,,BFS,True,0.007580,1824,50,51
39,static,916993243,,,DFS,True,0.000933,239,56,57
39,static,916993243,,,Dijkstra,True,0.009754,1827,50,51
39,static,916993243,,,A*,True,0.006552,956,50,51
39,static,916993243,,,Follower,True,0.000135,50,50,51
39,doors,916993243,916993243,,BFS,True,0.009609,2127,56,57
39,doors,916993243,916993243,,DFS,True,0.000983,240,57,57
39,doors,916993243,916993243,,Dijkstra,True,0.012731,2131,56,57
39,doors,916993243,916993243,,A*,True,0.009740,1254,56,57
39,doors,916993243,916993243,,Follower,True,0.000238,56,56,51
39,monsters,916993243,,916993243,BFS,True,0.073046,2445,59,60
39,monsters,916993243,,916993243,DFS,True,0.005435,241,58,57
39,monsters,916993243,,916993243,Dijkstra,True,0.025064,2454,59,60
39,monsters,916993243,,916993243,A*,True,0.014007,1533,59,60
39,monsters,916993243,,916993243,Follower,False,0.000155,51,51,50
40,static,976234261,,,BFS,True,0.020962,3577,68,69
40,static,976234261,,,DFS,True,0.001197,229,88,89
40,static,976234261,,,Dijkstra,True,0.027441,3580,68,69
40,static,976234261,,,A*,True,0.019538,2151,68,69
40,static,976234261,,,Follower,True,0.000203,68,68,69
40,doors,976234261,976234261,,BFS,True,0.024687,3938,71,72
40,doors,976234261,976234261,,DFS,True,0.001395,230,89,89
40,doors,976234261,976234261,,Dijkstra,True,0.039075,3939,71,72
40,doors,976234261,976234261,,A*,True,0.026038,2467,71,72
40,doors,976234261,976234261,,Follower,True,0.000270,71,71,69
40,monsters,976234261,,976234261,BFS,True,0.026250,4096,73,74
40,monsters,976234261,,976234261,DFS,True,0.001214,231,90,89
40,monsters,976234261,,976234261,Dijkstra,True,0.033408,4106,73,74
40,monsters,976234261,,976234261,A*,True,0.027154,2611,73,74
40,monsters,976234261,,976234261,Follower,False,0.000215,69,69,68
41,static,84324540,,,BFS,True,0.006635,1498,36,37
41,static,84324540,,,DFS,True,0.002850,659,42,43
41,static,84324540,,,Dijkstra,True,0.009030,1501,36,37
41,static,84324540,,,A*,True,0.004313,573,36,37
41,static,84324540,,,Follower,True,0.000127,36,36,37
41,doors,84324540,84324540,,BFS,True,0.007572,1515,39,40
41,doors,84324540,84324540,,DFS,True,0.002913,585,52,49
41,doors,84324540,84324540,,Dijkstra,True,0.009593,1516,39,40
41,doors,84324540,84324540,,A*,True,0.004572,595,39,40
41,doors,84324540,84324540,,Follower,True,0.000138,39,39,37
41,monsters,84324540,,84324540,BFS,True,0.010945,2066,43,44
41,monsters,84324540,,84324540,DFS,True,0.003155,661,44,43
41,monsters,84324540,,84324540,Dijkstra,True,0.014606,2080,43,44
41,monsters,84324540,,84324540,A*,True,0.009265,1015,43,44
41,monsters,84324540,,84324540,Follower,False,0.000139,37,37,36
42,static,472443884,,,BFS,True,0.005029,1435,48,49
42,static,472443884,,,DFS,True,0.000718,147,48,49
42,static,472443884,,,Dijkstra,True,0.006883,1438,48,49
42,static,472443884,,,A*,True,0.004405,728,48,49
42,static,472443884,,,Follower,True,0.000121,48,48,49
42,doors,472443884,472443884,,BFS,True,0.005885,1435,48,49
42,doors,472443884,472443884,,DFS,True,0.000584,147,48,49
42,doors,472443884,472443884,,Dijkstra,True,0.007242,1438,48,49
42,doors,472443884,472443884,,A*,True,0.004626,728,48,49
42,doors,472443884,472443884,,Follower,True,0.000128,48,48,49
42,monsters,472443884,,472443884,BFS,True,0.006867,1691,53,54
42,monsters,472443884,,472443884,DFS,True,0.000616,149,50,49
42,monsters,472443884,,472443884,Dijkstra,True,0.008771,1694,53,54
42,monsters,472443884,,472443884,A*,True,0.006838,961,53,54
42,monsters,472443884,,472443884,Follower,False,0.000136,49,49,48
43,static,830261269,,,BFS,True,0.005736,1314,42,43
43,static,830261269,,,DFS,True,0.005919,931,76,77
43,static,830261269,,,Dijkstra,True,0.007676,1320,42,43
43,static,830261269,,,A*,True,0.002338,458,42,43
43,static,830261269,,,Follower,True,0.000148,42,42,43
43,doors,830261269,830261269,,BFS,True,0.006540,1334,43,44
43,doors,830261269,830261269,,DFS,True,0.005748,933,78,77
43,doors,830261269,830261269,,Dijkstra,True,0.008116,1337,43,44
43,doors,830261269,830261269,,A*,True,0.002770,479,43,44
43,doors,830261269,830261269,,Follower,True,0.000157,43,43,43
43,monsters,830261269,,830261269,BFS,True,0.014602,2346,51,52
43,monsters,830261269,,830261269,DFS,True,0.005956,932,77,77
43,monsters,830261269,,830261269,Dijkstra,True,0.019447,2364,51,52
43,monsters,830261269,,830261269,A*,True,0.008788,1038,51,52
43,monsters,830261269,,830261269,Follower,False,0.000164,43,43,42
44,static,44307647,,,BFS,True,0.003170,762,24,25
44,static,44307647,,,DFS,True,0.001583,437,44,45
44,static,44307647,,,Dijkstra,True,0.004189,763,24,25
44,static,44307647,,,A*,True,0.000282,56,24,25
44,static,44307647,,,Follower,True,0.000106,24,24,25
44,doors,44307647,44307647,,BFS,True,0.003539,752,24,25
44,doors,44307647,44307647,,DFS,True,0.001605,437,44,45
44,doors,44307647,44307647,,Dijkstra,True,0.004280,753,24,25
44,doors,44307647,44307647,,A*,True,0.000297,54,24,25
44,doors,44307647,44307647,,Follower,True,0.000093,24,24,25
44,monsters,44307647,,44307647,BFS,True,0.009847,1690,35,36
44,monsters,44307647,,44307647,DFS,True,0.001700,439,46,45
44,monsters,44307647,,44307647,Dijkstra,True,0.012716,1692,35,36
44,monsters,44307647,,44307647,A*,True,0.004212,528,35,36
44,monsters,44307647,,44307647,Follower,False,0.000116,25,25,24
45,static,266687247,,,BFS,True,0.002417,678,28,29
45,static,266687247,,,DFS,True,0.005518,1059,36,37
45,static,266687247,,,Dijkstra,True,0.003068,680,28,29
45,static,266687247,,,A*,True,0.000973,144,28,29
45,static,266687247,,,Follower,True,0.000094,28,28,29
45,doors,266687247,266687247,,BFS,True,0.003467,878,32,33
45,doors,266687247,266687247,,DFS,True,0.005595,1063,40,37
45,doors,266687247,266687247,,Dijkstra,True,0.004436,884,32,33
45,doors,266687247,266687247,,A*,True,0.002045,285,32,33
45,doors,266687247,266687247,,Follower,True,0.000106,32,32,29
45,monsters,266687247,,266687247,BFS,True,0.005460,1290,39,40
45,monsters,266687247,,266687247,DFS,True,0.005878,1061,38,37
45,monsters,266687247,,266687247,Dijkstra,True,0.007255,1294,39,40
45,monsters,266687247,,266687247,A*,True,0.004148,585,39,40
45,monsters,266687247,,266687247,Follower,False,0.000111,29,29,28
46,static,332636985,,,BFS,True,0.002521,768,34,35
46,static,332636985,,,DFS,True,0.005627,1061,52,53
46,static,332636985,,,Dijkstra,True,0.003470,773,34,35
46,static,332636985,,,A*,True,0.000732,174,34,35
46,static,332636985,,,Follower,True,0.000103,34,34,35
46,doors,332636985,332636985,,BFS,True,0.002843,783,37,38
46,doors,332636985,332636985,,DFS,True,0.005638,1064,55,53
46,doors,332636985,332636985,,Dijkstra,True,0.003775,785,37,38
46,doors,332636985,332636985,,A*,True,0.000834,186,37,38
46,doors,332636985,332636985,,Follower,True,0.000139,37,37,35
46,monsters,332636985,,332636985,BFS,True,0.003733,1004,39,40
46,monsters,332636985,,332636985,DFS,True,0.005986,1062,53,53
46,monsters,332636985,,332636985,Dijkstra,True,0.005118,1013,39,40
46,monsters,332636985,,332636985,A*,True,0.002116,346,39,40
46,monsters,332636985,,332636985,Follower,False,0.000106,35,35,34
47,static,294781267,,,BFS,True,0.005032,1026,26,27
47,static,294781267,,,DFS,True,0.002442,761,60,61
47,static,294781267,,,Dijkstra,True,0.006848,1029,26,27
47,static,294781267,,,A*,True,0.000691,116,26,27
47,static,294781267,,,Follower,True,0.000123,26,26,27
47,doors,294781267,294781267,,BFS,True,0.005442,1024,26,27
47,doors,294781267,294781267,,DFS,True,0.002407,761,60,61
47,doors,294781267,294781267,,Dijkstra,True,0.007178,1027,26,27
47,doors,294781267,294781267,,A*,True,0.000733,116,26,27
47,doors,294781267,294781267,,Follower,True,0.000128,26,26,27
47,monsters,294781267,,294781267,BFS,True,0.009917,1664,33,34
47,monsters,294781267,,294781267,DFS,True,0.002799,762,61,61
47,monsters,294781267,,294781267,Dijkstra,True,0.012884,1670,33,34
47,monsters,294781267,,294781267,A*,True,0.005718,557,33,34
47,monsters,294781267,,294781267,Follower,False,0.000133,27,27,26
48,static,656331775,,,BFS,True,0.001982,635,30,31
48,static,656331775,,,DFS,True,0.007422,1473,30,31
48,static,656331775,,,Dijkstra,True,0.002585,637,30,31
48,static,656331775,,,A*,True,0.001006,158,30,31
48,static,656331775,,,Follower,True,0.000086,30,30,31
48,doors,656331775,656331775,,BFS,True,0.002181,617,30,31
48,doors,656331775,656331775,,DFS,True,0.007284,1417,30,31
48,doors,656331775,656331775,,Dijkstra,True,0.002644,619,30,31
48,doors,656331775,656331775,,A*,True,0.000817,157,30,31
48,doors,656331775,656331775,,Follower,True,0.000090,30,30,31
48,monsters,656331775,,656331775,BFS,True,0.004099,1015,39,40
48,monsters,656331775,,656331775,DFS,True,0.008027,1475,32,31
48,monsters,656331775,,656331775,Dijkstra,True,0.004893,1021,39,40
48,monsters,656331775,,656331775,A*,True,0.003609,482,39,40
48,monsters,656331775,,656331775,Follower,False,0.000090,31,31,30
49,static,138912524,,,BFS,True,0.009587,1548,46,47
49,static,138912524,,,DFS,True,0.000792,245,48,49
49,static,138912524,,,Dijkstra,True,0.008601,1555,46,47
49,static,138912524,,,A*,True,0.004183,694,46,47
49,static,138912524,,,Follower,True,0.000144,46,46,47
49,doors,138912524,138912524,,BFS,True,0.007024,1547,46,47
49,doors,138912524,138912524,,DFS,True,0.000804,245,48,49
49,doors,138912524,138912524,,Dijkstra,True,0.008877,1552,46,47
49,doors,138912524,138912524,,A*,True,0.004591,694,46,47
49,doors,138912524,138912524,,Follower,True,0.000168,46,46,47
49,monsters,138912524,,138912524,BFS,True,0.008300,1769,49,50
49,monsters,138912524,,138912524,DFS,True,0.000857,246,49,49
49,monsters,138912524,,138912524,Dijkstra,True,0.010963,1770,49,50
49,monsters,138912524,,138912524,A*,True,0.005539,824,49,50
49,monsters,138912524,,138912524,Follower,False,0.000187,47,47,46
50,static,160180839,,,BFS,True,0.002550,663,26,27
50,static,160180839,,,DFS,True,0.000193,63,34,35
50,static,160180839,,,Dijkstra,True,0.003735,673,26,27
50,static,160180839,,,A*,True,0.000449,88,26,27
50,static,160180839,,,Follower,True,0.000102,26,26,27
50,doors,160180839,160180839,,BFS,True,0.002921,706,31,32
50,doors,160180839,160180839,,DFS,True,0.000213,68,39,35
50,doors,160180839,160180839,,Dijkstra,True,0.003865,711,31,32
50,doors,160180839,160180839,,A*,True,0.000594,126,31,32
50,doors,160180839,160180839,,Follower,True,0.000111,31,31,27
50,monsters,160180839,,160180839,BFS,True,0.010029,1674,37,38
50,monsters,160180839,,160180839,DFS,True,0.000213,65,36,35
50,monsters,160180839,,160180839,Dijkstra,True,0.013233,1677,37,38
50,monsters,160180839,,160180839,A*,True,0.005548,646,37,38
50,monsters,160180839,,160180839,Follower,False,0.000124,27,27,26
